"","Month_name","Region","Taxa","Probability","U","Q","Timesteps","Best","Worst","Uup","Udown","Month","Percenttot","Window","MonthName"
"1","January","Delta","Dorosoma petenense",10.77336378,-0.011926015,2.032525262,1,7.029750027,17.44676349,0.203655454,-0.227507483,1,3.8079635,"Off","Jan"
"2","February","Delta","Dorosoma petenense",11.52256171,-0.000440351,2.13631824,1,2.839618984,30.02188856,0.584316669,-0.585197372,2,2.424885,"Off","Feb"
"3","March","Delta","Dorosoma petenense",0.241884702,-0.005362268,0.573777031,1,0.032288991,1.385658061,0.169603635,-0.180328171,3,0.6881547,"Off","Mar"
"4","April","Delta","Dorosoma petenense",NA,NA,NA,1,NA,NA,NA,NA,4,0,"Off","Apr"
"5","May","Delta","Dorosoma petenense",NA,NA,NA,1,NA,NA,NA,NA,5,0.1162282,"Off","May"
"6","June","Delta","Dorosoma petenense",NA,NA,NA,1,NA,NA,NA,NA,6,0.3218921,"Off","Jun"
"7","July","Delta","Dorosoma petenense",29.42210135,0.006125333,4.819019099,1,20.37636961,42.64638777,0.502942716,-0.49069205,7,11.1401547,"Off","Jul"
"8","August","Delta","Dorosoma petenense",26.02855956,-0.009088309,4.160980674,1,20.48297569,34.87785678,0.293134276,-0.311310894,8,26.9961253,"Key","Aug"
"9","September","Delta","Dorosoma petenense",22.13502506,-0.045068114,3.445848302,1,16.4099537,30.6631161,0.229960034,-0.320096262,9,11.6852905,"Key","Sep"
"10","October","Delta","Dorosoma petenense",17.24993818,-0.043416235,2.768732772,1,12.40029365,24.65149909,0.187191364,-0.274023834,10,12.3619825,"Key","Oct"
"11","November","Delta","Dorosoma petenense",22.06555002,0.054536514,3.5347475,1,16.5088786,30.42876903,0.355408435,-0.246335408,11,19.4169503,"Key","Nov"
"12","December","Delta","Dorosoma petenense",20.90075517,0.047785558,3.359505993,1,15.81974586,28.69647227,0.323310767,-0.227739651,12,11.0403732,"Off","Dec"
"13","January","Confluence","Dorosoma petenense",6.143327453,0.029410107,1.515310827,1,2.096034505,15.61685136,0.374078067,-0.315257854,1,2.2303502,"Off","Jan"
"14","February","Confluence","Dorosoma petenense",14.27810848,-0.181716446,2.174220541,1,2.439154864,33.76655174,0.408205113,-0.771638004,2,0.9336576,"Off","Feb"
"15","March","Confluence","Dorosoma petenense",NA,NA,NA,1,NA,NA,NA,NA,3,0.1383559,"Off","Mar"
"16","April","Confluence","Dorosoma petenense",NA,NA,NA,1,NA,NA,NA,NA,4,0,"Off","Apr"
"17","May","Confluence","Dorosoma petenense",NA,NA,NA,1,NA,NA,NA,NA,5,0.0335072,"Off","May"
"18","June","Confluence","Dorosoma petenense",NA,NA,NA,1,NA,NA,NA,NA,6,0,"Off","Jun"
"19","July","Confluence","Dorosoma petenense",19.64540672,-0.144261868,2.888945966,1,5.279815539,40.20766759,0.522004354,-0.81052809,7,8.9691485,"Off","Jul"
"20","August","Confluence","Dorosoma petenense",28.58213142,-0.006251679,4.636977716,1,19.55466422,41.86210276,0.48109158,-0.493594939,8,46.4321558,"Key","Aug"
"21","September","Confluence","Dorosoma petenense",23.075594,-0.002558894,3.685795886,1,14.84240847,35.97826924,0.431934422,-0.43705221,9,10.2734537,"Off","Sep"
"22","October","Confluence","Dorosoma petenense",25.64003224,0.01720872,4.116160143,1,17.05156483,38.51499134,0.476368238,-0.441950797,10,7.3768535,"Off","Oct"
"23","November","Confluence","Dorosoma petenense",26.1757053,-0.085733538,3.994149344,1,16.43662762,39.29117877,0.366569609,-0.538036684,11,11.4968203,"Key","Nov"
"24","December","Confluence","Dorosoma petenense",28.77869747,0.001943388,4.692172879,1,19.80404623,42.04156968,0.492178555,-0.488291778,12,12.1156973,"Key","Dec"
"25","January","Suisun","Dorosoma petenense",4.690107419,-0.036617775,1.306838692,1,0.524388305,17.84405781,0.420737258,-0.493972808,1,3.9355755,"Off","Jan"
"26","February","Suisun","Dorosoma petenense",NA,NA,NA,1,NA,NA,NA,NA,2,2.1082131,"Off","Feb"
"27","March","Suisun","Dorosoma petenense",NA,NA,NA,1,NA,NA,NA,NA,3,0.3360828,"Off","Mar"
"28","April","Suisun","Dorosoma petenense",NA,NA,NA,1,NA,NA,NA,NA,4,0.3799427,"Off","Apr"
"29","May","Suisun","Dorosoma petenense",NA,NA,NA,1,NA,NA,NA,NA,5,0,"Off","May"
"30","June","Suisun","Dorosoma petenense",NA,NA,NA,1,NA,NA,NA,NA,6,0,"Off","Jun"
"31","July","Suisun","Dorosoma petenense",NA,NA,NA,1,NA,NA,NA,NA,7,0,"Off","Jul"
"32","August","Suisun","Dorosoma petenense",NA,NA,NA,1,NA,NA,NA,NA,8,7.1148767,"Off","Aug"
"33","September","Suisun","Dorosoma petenense",27.56743763,-0.06083906,4.301452106,1,10.83574266,48.91551959,0.752151743,-0.873829863,9,12.3709069,"Off","Sep"
"34","October","Suisun","Dorosoma petenense",24.6227723,0.046889716,3.943592104,1,9.78865722,45.23984824,0.825327811,-0.731548378,10,20.1453415,"Key","Oct"
"35","November","Suisun","Dorosoma petenense",17.42810772,-0.007969964,2.857683177,1,5.588371748,37.65521145,0.654681445,-0.670621373,11,25.3071175,"Key","Nov"
"36","December","Suisun","Dorosoma petenense",24.00782432,-0.068804544,3.680457518,1,8.272821704,45.55938043,0.698721948,-0.836331037,12,28.3019432,"Key","Dec"
"37","January","Delta","Morone saxatilis",10.33161262,0.035045571,1.997786071,1,4.246598047,22.29726867,0.434900048,-0.364808906,1,11.860181,"Key","Jan"
"38","February","Delta","Morone saxatilis",8.662622314,-0.032613609,1.764665933,1,2.991967802,20.33879413,0.343188076,-0.408415294,2,9.614518,"Key","Feb"
"39","March","Delta","Morone saxatilis",5.375435118,-0.09786818,1.325107449,1,0.477195269,19.26430298,0.362672521,-0.558408881,3,4.6942819,"Off","Mar"
"40","April","Delta","Morone saxatilis",0.589941208,0.069211625,0.696494478,1,0.09304706,2.772752972,0.300536282,-0.162113033,4,1.0809815,"Off","Apr"
"41","May","Delta","Morone saxatilis",5.132422249,0.055767524,1.39501143,1,0.895857965,17.5646666,0.518752576,-0.407217528,5,0,"Off","May"
"42","June","Delta","Morone saxatilis",19.75881469,0.07799902,3.194142643,1,7.15109925,39.25305363,0.778574996,-0.622576955,6,6.2043027,"Off","Jun"
"43","July","Delta","Morone saxatilis",5.296373633,-0.057210804,1.357300028,1,1.371520195,14.42851938,0.265713713,-0.38013532,7,15.3309661,"Key","Jul"
"44","August","Delta","Morone saxatilis",5.521703711,-0.058742829,1.381545952,1,1.453229794,14.83795026,0.267053178,-0.384538835,8,10.8821759,"Key","Aug"
"45","September","Delta","Morone saxatilis",14.61045857,-3.22e-17,2.50982553,1,6.880290567,28.51904151,0.439121656,-0.439121656,9,14.5076181,"Key","Sep"
"46","October","Delta","Morone saxatilis",7.928029024,-0.026982156,1.688901335,1,2.74110557,18.93848268,0.333235693,-0.387200004,10,10.0164785,"Key","Oct"
"47","November","Delta","Morone saxatilis",10.277401,-0.077892253,1.885343653,1,3.545403184,22.5016665,0.302698604,-0.458483109,11,7.637675,"Off","Nov"
"48","December","Delta","Morone saxatilis",7.718247249,0.049847179,1.696910553,1,2.882226025,18.03637567,0.418363687,-0.31866933,12,8.1708212,"Off","Dec"
"49","January","Confluence","Morone saxatilis",8.789677459,2.85873535455173e-17,1.820408484,1,4.173532692,18.21649232,0.309507435,-0.309507435,1,10.1298346,"Key","Jan"
"50","February","Confluence","Morone saxatilis",8.186624336,0.027821535,1.751081888,1,3.854066733,16.87866218,0.331378281,-0.275735211,2,7.7939351,"Off","Feb"
"51","March","Confluence","Morone saxatilis",2.150281152,1.71331079182274e-17,1.00308856,1,0.460605094,7.94430587,0.280426912,-0.280426912,3,5.3425652,"Off","Mar"
"52","April","Confluence","Morone saxatilis",2.604858117,-0.031137852,1.045557372,1,0.517974064,9.02831581,0.255163887,-0.31743959,4,3.0770143,"Off","Apr"
"53","May","Confluence","Morone saxatilis",4.422062662,1.38302935772209e-17,1.309719365,1,0.61722688,16.97584476,0.448608204,-0.448608204,5,0,"Off","May"
"54","June","Confluence","Morone saxatilis",NA,NA,NA,1,NA,NA,NA,NA,6,1.3597443,"Off","Jun"
"55","July","Confluence","Morone saxatilis",13.70988178,-0.040469468,2.333988741,1,7.110299382,24.82364376,0.305284233,-0.386223169,7,27.5832849,"Key","Jul"
"56","August","Confluence","Morone saxatilis",12.41417065,0.004853017,2.242503546,1,6.644235974,23.06713596,0.34376274,-0.334056706,8,14.0990299,"Key","Aug"
"57","September","Confluence","Morone saxatilis",5.512236271,-0.059040106,1.380159155,1,1.927715442,12.91979101,0.206837674,-0.324917886,9,7.9024997,"Key","Sep"
"58","October","Confluence","Morone saxatilis",6.732814196,-0.018102768,1.563622538,1,2.843524745,14.93306795,0.264895267,-0.301100803,10,4.3810954,"Key","Oct"
"59","November","Confluence","Morone saxatilis",15.07239894,-0.092436633,2.411681693,1,7.50211247,26.52942466,0.259024619,-0.443897886,11,7.8906114,"Key","Nov"
"60","December","Confluence","Morone saxatilis",10.31981717,-0.026296171,1.960471302,1,4.931435529,20.33996559,0.292719837,-0.345312178,12,10.4403852,"Key","Dec"
"61","January","Suisun","Morone saxatilis",12.03670916,-0.002082819,2.194531651,1,8.148101469,19.05320998,0.221925617,-0.226091256,1,11.2852354,"Key","Jan"
"62","February","Suisun","Morone saxatilis",14.11277921,0.022845252,2.448174903,1,10.17059715,20.76846578,0.244164251,-0.198473747,2,11.143532,"Key","Feb"
"63","March","Suisun","Morone saxatilis",16.01812664,0.013350181,2.687884433,1,11.50312598,23.68070255,0.261262865,-0.234562502,3,11.6359771,"Key","Mar"
"64","April","Suisun","Morone saxatilis",14.66573649,-0.039533376,2.450821007,1,9.620620491,22.71524755,0.21099577,-0.290062523,4,7.2905609,"Off","Apr"
"65","May","Suisun","Morone saxatilis",0.304866786,-0.020185657,0.594362485,1,0.055549657,1.341251765,0.130917586,-0.171288901,5,0.0380754,"Off","May"
"66","June","Suisun","Morone saxatilis",4.782275072,-0.055001724,1.299822127,1,1.184166785,13.47110378,0.261011351,-0.371014799,6,3.042486,"Off","Jun"
"67","July","Suisun","Morone saxatilis",8.474097701,-0.064334304,1.704097277,1,4.832864084,14.28051545,0.129074508,-0.257743116,7,13.3077945,"Key","Jul"
"68","August","Suisun","Morone saxatilis",8.779346482,-0.051420655,1.754024168,1,5.17275782,14.69325115,0.144800963,-0.247642273,8,10.9042255,"Key","Aug"
"69","September","Suisun","Morone saxatilis",12.30407875,-0.059951772,2.139211082,1,7.791972745,19.22451776,0.156746718,-0.276650263,9,11.4923834,"Key","Sep"
"70","October","Suisun","Morone saxatilis",6.432412945,-0.022329258,1.52450862,1,3.723574597,11.47081446,0.160604565,-0.20526308,10,4.6267424,"Off","Oct"
"71","November","Suisun","Morone saxatilis",8.883630436,-0.068391215,1.744133412,1,4.85981123,15.35380612,0.143661974,-0.280444404,11,4.7989857,"Off","Nov"
"72","December","Suisun","Morone saxatilis",14.23497998,-0.006512281,2.452588657,1,9.570609337,22.36699353,0.249275151,-0.262299714,12,10.4340017,"Off","Dec"
"73","January","Suisun","Spirinchus thaleichthys",13.08679624,-0.117931526,2.140521133,1,5.765040093,24.19163331,0.220010032,-0.455873085,1,0,"Off","Jan"
"74","February","Suisun","Spirinchus thaleichthys",8.312352185,-0.107954045,1.633031825,1,2.999295707,17.51951483,0.18722068,-0.40312877,2,0,"Off","Feb"
"75","March","Suisun","Spirinchus thaleichthys",14.58982468,-0.088035679,2.361586278,1,7.093829649,26.15052307,0.266927865,-0.442999222,3,0,"Off","Mar"
"76","April","Suisun","Spirinchus thaleichthys",7.037299651,0.004251582,1.619241823,1,3.162563287,15.35727268,0.292238869,-0.283735704,4,0.0824628,"Off","Apr"
"77","May","Suisun","Spirinchus thaleichthys",5.22854755,0.010114328,1.407569172,1,2.15095122,12.31729422,0.278619301,-0.258390644,5,1.1913642,"Off","May"
"78","June","Suisun","Spirinchus thaleichthys",14.33122677,-0.195149437,2.158709068,1,2.480397605,33.45836154,0.380787781,-0.771086656,6,4.3265642,"Off","Jun"
"79","July","Suisun","Spirinchus thaleichthys",18.60845414,-0.091651112,2.855286758,1,10.1320411,30.82962806,0.290770409,-0.474072633,7,9.5793008,"Off","Jul"
"80","August","Suisun","Spirinchus thaleichthys",22.92457912,-0.155552594,3.318679431,1,12.7647065,35.7199777,0.256734852,-0.567840041,8,19.1346745,"Key","Aug"
"81","September","Suisun","Spirinchus thaleichthys",13.94489042,-0.109514858,2.251488123,1,6.531306268,25.08754912,0.230073106,-0.449102823,9,18.5531764,"Key","Sep"
"82","October","Suisun","Spirinchus thaleichthys",14.0550304,-0.145537462,2.206763575,1,6.227860346,25.20794313,0.190660722,-0.481735646,10,7.0264636,"Key","Oct"
"83","November","Suisun","Spirinchus thaleichthys",18.75196941,-0.102999802,2.852270947,1,10.10409285,30.99191036,0.279219705,-0.48521931,11,15.6412601,"Key","Nov"
"84","December","Suisun","Spirinchus thaleichthys",17.39780419,-0.136391003,2.617322873,1,8.548895013,29.59512406,0.237298151,-0.510080157,12,24.4647335,"Key","Dec"
"85","January","Sanpablo","Spirinchus thaleichthys",10.38448389,-0.135939138,1.818560332,1,3.045394673,22.8752981,0.245558039,-0.517436316,1,0,"Off","Jan"
"86","February","Sanpablo","Spirinchus thaleichthys",14.23915699,-0.161018803,2.20287917,1,4.862131342,28.19431593,0.258858898,-0.580896503,2,0,"Off","Feb"
"87","March","Sanpablo","Spirinchus thaleichthys",5.4636338,-0.157681396,1.274571545,1,0.956551184,14.89129189,0.161699976,-0.477062767,3,0.0711479,"Off","Mar"
"88","April","Sanpablo","Spirinchus thaleichthys",22.53094106,-0.065149211,3.461051143,1,11.61083599,38.12287228,0.455750432,-0.586048853,4,0.9790167,"Off","Apr"
"89","May","Sanpablo","Spirinchus thaleichthys",30.46382101,-0.185164083,4.49917313,1,16.65481889,46.28653595,0.402771089,-0.773099254,5,12.5932806,"Key","May"
"90","June","Sanpablo","Spirinchus thaleichthys",23.33681521,-0.147203241,3.397919527,1,11.30901284,38.81790576,0.363736441,-0.658142923,6,30.2781611,"Key","Jun"
"91","July","Sanpablo","Spirinchus thaleichthys",15.12334672,-0.133813949,2.348620696,1,5.784452952,29.08876854,0.290971402,-0.558599299,7,9.0277318,"Key","Jul"
"92","August","Sanpablo","Spirinchus thaleichthys",24.91579514,-0.169775325,3.585048087,1,12.24828897,40.52480335,0.355044923,-0.694595572,8,10.5653833,"Key","Aug"
"93","September","Sanpablo","Spirinchus thaleichthys",25.64942134,-0.209512152,3.603910924,1,12.31736043,41.28275047,0.316686963,-0.735711266,9,20.7506582,"Key","Sep"
"94","October","Sanpablo","Spirinchus thaleichthys",NA,NA,NA,1,NA,NA,NA,NA,10,4.0262011,"Off","Oct"
"95","November","Sanpablo","Spirinchus thaleichthys",NA,NA,NA,1,NA,NA,NA,NA,11,3.8485271,"Off","Nov"
"96","December","Sanpablo","Spirinchus thaleichthys",20.06367536,-0.166726721,2.899258385,1,8.580389096,35.23349756,0.310026364,-0.643479806,12,7.8598923,"Off","Dec"
"97","January","Delta","Alosa sapidissima",NA,NA,NA,1,NA,NA,NA,NA,1,0,"Off","Jan"
"98","February","Delta","Alosa sapidissima",NA,NA,NA,1,NA,NA,NA,NA,2,0,"Off","Feb"
"99","March","Delta","Alosa sapidissima",NA,NA,NA,1,NA,NA,NA,NA,3,0,"Off","Mar"
"100","April","Delta","Alosa sapidissima",NA,NA,NA,1,NA,NA,NA,NA,4,0,"Off","Apr"
"101","May","Delta","Alosa sapidissima",NA,NA,NA,1,NA,NA,NA,NA,5,0,"Off","May"
"102","June","Delta","Alosa sapidissima",15.71043179,0.046329155,2.648391835,1,7.701843352,29.16427436,0.497409817,-0.404751507,6,0.4113123,"Off","Jun"
"103","July","Delta","Alosa sapidissima",38.16225528,0.120924084,6.934325177,1,33.00320382,44.77217212,0.465003691,-0.223155523,7,17.882055,"Key","Jul"
"104","August","Delta","Alosa sapidissima",22.97524889,-0.027985985,3.612319071,1,18.05103048,30.60476064,0.220355849,-0.276327819,8,34.1904587,"Key","Aug"
"105","September","Delta","Alosa sapidissima",32.27368144,-0.143158398,4.985364803,1,25.41461867,40.29138924,0.148587866,-0.434904662,9,21.5934002,"Key","Sep"
"106","October","Delta","Alosa sapidissima",30.09346343,-0.053525161,4.801773625,1,24.49067794,38.09828789,0.232798786,-0.339849109,10,17.2822037,"Off","Oct"
"107","November","Delta","Alosa sapidissima",30.96930777,-0.075789303,4.914987313,1,25.04902322,38.98793666,0.213890377,-0.365468983,11,7.6292214,"Off","Nov"
"108","December","Delta","Alosa sapidissima",18.08828285,0.010496328,2.961369062,1,13.31938335,26.08919723,0.269180525,-0.248187868,12,1.0113489,"Off","Dec"
"109","January","Confluence","Alosa sapidissima",NA,NA,NA,1,NA,NA,NA,NA,1,0,"Off","Jan"
"110","February","Confluence","Alosa sapidissima",NA,NA,NA,1,NA,NA,NA,NA,2,0,"Off","Feb"
"111","March","Confluence","Alosa sapidissima",2.62025098,-0.142269267,0.96023515,1,0.075980684,12.64833399,0.249771536,-0.534310069,3,0,"Off","Mar"
"112","April","Confluence","Alosa sapidissima",NA,NA,NA,1,NA,NA,NA,NA,4,0,"Off","Apr"
"113","May","Confluence","Alosa sapidissima",NA,NA,NA,1,NA,NA,NA,NA,5,0,"Off","May"
"114","June","Confluence","Alosa sapidissima",NA,NA,NA,1,NA,NA,NA,NA,6,0,"Off","Jun"
"115","July","Confluence","Alosa sapidissima",26.35847848,0.07963542,4.243617478,1,18.92865494,36.74369407,0.483388832,-0.324117992,7,13.049637,"Off","Jul"
"116","August","Confluence","Alosa sapidissima",35.85564289,0.058549114,6.291408142,1,27.74878089,46.82745578,0.5501606,-0.433062372,8,31.9004856,"Key","Aug"
"117","September","Confluence","Alosa sapidissima",29.44801806,-0.016854301,4.7768849,1,21.56060313,41.11964596,0.411517111,-0.445225712,9,17.2792716,"Key","Sep"
"118","October","Confluence","Alosa sapidissima",35.92150515,-0.01304029,6.262140517,1,27.75044854,47.60143878,0.477426375,-0.503506954,10,15.5615601,"Key","Oct"
"119","November","Confluence","Alosa sapidissima",28.48644919,-0.036346987,4.536795725,1,20.42847002,40.11520259,0.381120544,-0.453814518,11,19.0573386,"Key","Nov"
"120","December","Confluence","Alosa sapidissima",15.62539616,0.032428714,2.637579571,1,9.842159996,25.2569824,0.352342739,-0.28748531,12,3.151707,"Off","Dec"
"121","January","Suisun","Alosa sapidissima",3.926319525,0.025328129,1.247414472,1,1.713430916,8.989390707,0.248745976,-0.198089719,1,0,"Off","Jan"
"122","February","Suisun","Alosa sapidissima",6.439743203,0.110117887,1.546442738,1,1.356456088,19.52569197,0.607636568,-0.387400793,2,0,"Off","Feb"
"123","March","Suisun","Alosa sapidissima",2.002603868,0.106867481,0.974477762,1,0.214889903,9.319819216,0.501805039,-0.288070078,3,0,"Off","Mar"
"124","April","Suisun","Alosa sapidissima",0,-6.25e-20,4.57692986584156e-05,1,0,0,0.002651949,-0.002651949,4,0,"Off","Apr"
"125","May","Suisun","Alosa sapidissima",NA,NA,NA,1,NA,NA,NA,NA,5,0,"Off","May"
"126","June","Suisun","Alosa sapidissima",NA,NA,NA,1,NA,NA,NA,NA,6,0.0234859,"Off","Jun"
"127","July","Suisun","Alosa sapidissima",7.58853724,0.099324318,1.680062119,1,4.440053011,12.75761073,0.32654913,-0.127900495,7,4.7637519,"Off","Jul"
"128","August","Suisun","Alosa sapidissima",11.64167006,0.073301034,2.15021188,1,8.413924332,16.50276668,0.264901897,-0.118299828,8,15.8425333,"Key","Aug"
"129","September","Suisun","Alosa sapidissima",15.08430258,0.040405296,2.569037091,1,11.31838347,21.11022089,0.249836804,-0.169026211,9,23.5222234,"Key","Sep"
"130","October","Suisun","Alosa sapidissima",15.63342123,0.025532487,2.638615906,1,11.78869651,21.98086563,0.237781129,-0.186716155,10,21.0987839,"Key","Oct"
"131","November","Suisun","Alosa sapidissima",14.20558283,-0.008059836,2.446437268,1,10.43480021,20.69388444,0.196313331,-0.212433003,11,19.2039176,"Key","Nov"
"132","December","Suisun","Alosa sapidissima",12.16880635,0.060641399,2.212842755,1,8.778855552,17.45340771,0.259020762,-0.137737965,12,15.5453039,"Off","Dec"
"133","January","Sanpablo","Alosa sapidissima",NA,NA,NA,1,NA,NA,NA,NA,1,0,"Off","Jan"
"134","February","Sanpablo","Alosa sapidissima",NA,NA,NA,1,NA,NA,NA,NA,2,0,"Off","Feb"
"135","March","Sanpablo","Alosa sapidissima",NA,NA,NA,1,NA,NA,NA,NA,3,0,"Off","Mar"
"136","April","Sanpablo","Alosa sapidissima",NA,NA,NA,1,NA,NA,NA,NA,4,0,"Off","Apr"
"137","May","Sanpablo","Alosa sapidissima",NA,NA,NA,1,NA,NA,NA,NA,5,0,"Off","May"
"138","June","Sanpablo","Alosa sapidissima",NA,NA,NA,1,NA,NA,NA,NA,6,0,"Off","Jun"
"139","July","Sanpablo","Alosa sapidissima",NA,NA,NA,1,NA,NA,NA,NA,7,1.6537209,"Off","Jul"
"140","August","Sanpablo","Alosa sapidissima",9.611413309,0.005610907,1.914819083,1,6.062798394,16.24661212,0.22705614,-0.215834325,8,16.0661138,"Off","Aug"
"141","September","Sanpablo","Alosa sapidissima",21.64929067,-0.00696487,3.455931507,1,16.04093206,30.79997878,0.290533798,-0.304463537,9,23.4648775,"Key","Sep"
"142","October","Sanpablo","Alosa sapidissima",19.55135587,-0.063784165,3.036294505,1,13.44657542,28.42393835,0.215068249,-0.342636579,10,22.9076482,"Key","Oct"
"143","November","Sanpablo","Alosa sapidissima",18.10249958,-0.016215436,2.932348063,1,12.80188179,26.78556457,0.257822206,-0.290253077,11,17.7323688,"Key","Nov"
"144","December","Sanpablo","Alosa sapidissima",10.23629007,0.019704916,1.986895877,1,6.762446596,16.44133457,0.232221239,-0.192811407,12,18.1752708,"Key","Dec"
"145","January","Sanpablo","Clupea pallasii",1.559104725,-8.24e-18,0.906552287,1,0.094712572,9.403350686,0.380924494,-0.380924494,1,0.00596,"Off","Jan"
"146","February","Sanpablo","Clupea pallasii",NA,NA,NA,1,NA,NA,NA,NA,2,0.00551,"Off","Feb"
"147","March","Sanpablo","Clupea pallasii",4.95493909,-0.001363226,1.37337932,1,2.809466956,9.415264618,0.175846968,-0.17857342,3,1.3038693,"Off","Mar"
"148","April","Sanpablo","Clupea pallasii",29.91232796,-0.03694642,4.812698523,1,24.80812823,37.52835634,0.234993155,-0.308885996,4,18.3556355,"Key","Apr"
"149","May","Sanpablo","Clupea pallasii",30.27137184,-0.060862319,4.816471885,1,24.83937824,37.88933693,0.211183842,-0.332908479,5,51.0680882,"Key","May"
"150","June","Sanpablo","Clupea pallasii",28.27521244,-0.04057705,4.48557503,1,22.9017908,36.2231077,0.2361591,-0.3173132,6,14.5694868,"Off","Jun"
"151","July","Sanpablo","Clupea pallasii",21.43448315,-0.028409041,3.377621419,1,15.9960394,29.89748934,0.243882752,-0.300700834,7,9.7409145,"Off","Jul"
"152","August","Sanpablo","Clupea pallasii",14.5829221,-0.020430825,2.472408985,1,10.38503393,21.53831216,0.197487248,-0.238348898,8,2.5649462,"Off","Aug"
"153","September","Sanpablo","Clupea pallasii",13.24280005,-0.042128852,2.275889084,1,8.749248158,20.38952479,0.181385088,-0.265642791,9,1.5388797,"Off","Sep"
"154","October","Sanpablo","Clupea pallasii",10.13067501,-0.042993471,1.916252685,1,4.682638269,19.99684133,0.270294592,-0.356281534,10,0.3603544,"Off","Oct"
"155","November","Sanpablo","Clupea pallasii",NA,NA,NA,1,NA,NA,NA,NA,11,0.2683285,"Off","Nov"
"156","December","Sanpablo","Clupea pallasii",3.906787073,2.211896081461e-17,1.245186796,1,0.470775141,16.07229124,0.44643653,-0.44643653,12,0.2180256,"Off","Dec"
"157","January","Central","Clupea pallasii",2.43313651398566e-06,-0.037865901,0.165002901,1,1.02397253968606e-10,0.000684462,0.077048184,-0.152779985,1,0.00302,"Off","Jan"
"158","February","Central","Clupea pallasii",0.514426773,-0.02227509,0.665494731,1,0.04698196,3.054995732,0.208505768,-0.253055947,2,0.0111559,"Off","Feb"
"159","March","Central","Clupea pallasii",18.60312555,-0.018220161,2.996365041,1,12.58852988,28.36678247,0.291489554,-0.327929876,3,0.1233495,"Off","Mar"
"160","April","Central","Clupea pallasii",39.47003256,-0.025814067,7.219727656,1,34.45215302,47.10839279,0.307926366,-0.3595545,4,13.8202956,"Key","Apr"
"161","May","Central","Clupea pallasii",40.36031634,-0.128600786,7.094354532,1,34.38078457,47.60386985,0.186201725,-0.443403297,5,36.8639976,"Key","May"
"162","June","Central","Clupea pallasii",37.74366087,-0.090838792,6.475854449,1,32.16256269,45.05241831,0.209928277,-0.391605861,6,25.3564825,"Key","Jun"
"163","July","Central","Clupea pallasii",34.12696114,-0.150810919,5.366496837,1,27.68017435,41.43633217,0.122985133,-0.424606972,7,12.9416973,"Off","Jul"
"164","August","Central","Clupea pallasii",25.38417817,-0.062586919,3.918485898,1,20.31530595,32.45956008,0.171372691,-0.296546529,8,3.4485341,"Off","Aug"
"165","September","Central","Clupea pallasii",23.374895,-0.075414079,3.566469494,1,17.13396408,32.00486981,0.204386316,-0.355214474,9,3.4729941,"Off","Sep"
"166","October","Central","Clupea pallasii",26.34912437,-0.082475168,4.031821181,1,19.33336052,35.85760526,0.238856177,-0.403806514,10,2.4955345,"Off","Oct"
"167","November","Central","Clupea pallasii",11.57662379,-1.37e-17,2.143319941,1,4.985594173,24.41815724,0.405794906,-0.405794906,11,0.3855515,"Off","Nov"
"168","December","Central","Clupea pallasii",10.95257854,-0.020417964,2.041235766,1,5.992197884,19.93131937,0.265379952,-0.306215881,12,1.0773851,"Off","Dec"
"169","January","South","Clupea pallasii",0.064241587,-1.26e-19,0.455142743,1,0.000256706,1.427729667,0.269908326,-0.269908326,1,0.0247877,"Off","Jan"
"170","February","South","Clupea pallasii",NA,NA,NA,1,NA,NA,NA,NA,2,0.0173888,"Off","Feb"
"171","March","South","Clupea pallasii",21.89102527,-0.029107246,3.444134422,1,13.36380158,34.88531235,0.399561568,-0.45777606,3,5.7606403,"Off","Mar"
"172","April","South","Clupea pallasii",34.53809112,-0.030379327,5.854765408,1,26.16473155,46.29002334,0.446254918,-0.507013573,4,39.5267419,"Key","Apr"
"173","May","South","Clupea pallasii",30.62941479,-0.0248806,4.993417601,1,22.56086154,42.32577352,0.413092094,-0.462853294,5,24.3479983,"Key","May"
"174","June","South","Clupea pallasii",29.82636346,-0.101698739,4.61273999,1,19.48461303,43.08817966,0.384369168,-0.587766645,6,17.3436214,"Off","Jun"
"175","July","South","Clupea pallasii",12.39836217,0.035105864,2.240472318,1,6.686412902,22.55136367,0.373862063,-0.303650334,7,4.1488736,"Off","Jul"
"176","August","South","Clupea pallasii",13.59410718,0.01703391,2.384657945,1,7.498738714,24.41602883,0.366520491,-0.332452672,8,3.5216381,"Off","Aug"
"177","September","South","Clupea pallasii",8.827824469,3.11679603019048e-17,1.824784187,1,1.927356927,25.41307218,0.529521796,-0.529521796,9,2.2509342,"Off","Sep"
"178","October","South","Clupea pallasii",NA,NA,NA,1,NA,NA,NA,NA,10,1.0792009,"Off","Oct"
"179","November","South","Clupea pallasii",NA,NA,NA,1,NA,NA,NA,NA,11,1.0303153,"Off","Nov"
"180","December","South","Clupea pallasii",4.833842029,0,1.360095449,1,0.67643542,18.18716596,0.466581123,-0.466581123,12,0.9478594,"Off","Dec"
"181","January","Sanpablo","Atherinopsis californiensis",NA,NA,NA,1,NA,NA,NA,NA,1,0.1516926,"Off","Jan"
"182","February","Sanpablo","Atherinopsis californiensis",NA,NA,NA,1,NA,NA,NA,NA,2,0.2000706,"Off","Feb"
"183","March","Sanpablo","Atherinopsis californiensis",NA,NA,NA,1,NA,NA,NA,NA,3,0.3588699,"Off","Mar"
"184","April","Sanpablo","Atherinopsis californiensis",NA,NA,NA,1,NA,NA,NA,NA,4,0.231969,"Off","Apr"
"185","May","Sanpablo","Atherinopsis californiensis",1.83779007838534e-09,2.00632591607864e-18,0.117463952,1,3.4103187405043e-19,3.35882761930828e-05,0.134347748,-0.134347748,5,0.3700135,"Off","May"
"186","June","Sanpablo","Atherinopsis californiensis",6.096234903,-6.45e-18,1.510078558,1,1.05266809,20.48243831,0.481701343,-0.481701343,6,4.450539,"Off","Jun"
"187","July","Sanpablo","Atherinopsis californiensis",18.98970099,0.151293035,3.086569415,1,7.011535501,37.17550698,0.839970878,-0.537384809,7,19.0581684,"Key","Jul"
"188","August","Sanpablo","Atherinopsis californiensis",8.136928118,0.023393184,1.745439573,1,1.752773099,23.82128055,0.541274801,-0.494488434,8,32.5771033,"Key","Aug"
"189","September","Sanpablo","Atherinopsis californiensis",16.25277205,-0.067092911,2.599285441,1,4.412709618,36.116172,0.56488962,-0.699075442,9,16.6234399,"Key","Sep"
"190","October","Sanpablo","Atherinopsis californiensis",36.80797105,0,6.544445252,1,17.91103428,57.6924119,1.002800418,-1.002800418,10,16.7699094,"Key","Oct"
"191","November","Sanpablo","Atherinopsis californiensis",NA,NA,NA,1,NA,NA,NA,NA,11,4.2571216,"Off","Nov"
"192","December","Sanpablo","Atherinopsis californiensis",NA,NA,NA,1,NA,NA,NA,NA,12,4.9511027,"Off","Dec"
"193","January","Central","Atherinopsis californiensis",5.69310936,-0.020059396,1.441595354,1,0.807657723,19.97991694,0.460297641,-0.500416433,1,0.7599422,"Off","Jan"
"194","February","Central","Atherinopsis californiensis",12.93529222,-0.022528854,2.269959175,1,5.463535583,26.54986025,0.403693767,-0.448751475,2,0.2343417,"Off","Feb"
"195","March","Central","Atherinopsis californiensis",12.36621401,-0.111364821,2.069597221,1,4.27822334,25.70911468,0.295612669,-0.518342311,3,0.3737901,"Off","Mar"
"196","April","Central","Atherinopsis californiensis",18.61424403,0.075937436,3.033568431,1,11.33390371,29.68074258,0.470117229,-0.318242358,4,0.8652845,"Off","Apr"
"197","May","Central","Atherinopsis californiensis",19.52685433,0.086724025,3.161263698,1,13.07036416,28.99750614,0.435204503,-0.261756452,5,0.7617265,"Off","May"
"198","June","Central","Atherinopsis californiensis",24.30746664,0.050592957,3.891288099,1,17.12256929,34.93830314,0.437222275,-0.336036361,6,5.8718908,"Off","Jun"
"199","July","Central","Atherinopsis californiensis",28.20651042,0.106786021,4.585284074,1,22.07970027,36.36936806,0.450611518,-0.237039477,7,21.26976,"Key","Jul"
"200","August","Central","Atherinopsis californiensis",23.99307852,0.077870344,3.840266608,1,18.22224172,32.23500745,0.392526074,-0.236785386,8,21.9082798,"Key","Aug"
"201","September","Central","Atherinopsis californiensis",24.30862817,0.019165419,3.891066748,1,18.53643374,33.42228261,0.334837957,-0.296507119,9,13.574831,"Key","Sep"
"202","October","Central","Atherinopsis californiensis",28.49320943,0.086140957,4.639088166,1,22.37982861,36.92938159,0.430823092,-0.258541179,10,17.4777786,"Key","Oct"
"203","November","Central","Atherinopsis californiensis",24.87959408,0.069100295,3.9872025,1,19.02832469,33.33045933,0.389719183,-0.251518593,11,14.2106218,"Key","Nov"
"204","December","Central","Atherinopsis californiensis",NA,NA,NA,1,NA,NA,NA,NA,12,2.6917531,"Off","Dec"
"205","January","South","Atherinopsis californiensis",NA,NA,NA,1,NA,NA,NA,NA,1,0.5240046,"Off","Jan"
"206","February","South","Atherinopsis californiensis",3.818938856,0.118089369,1.2283875,1,1.220823382,10.10190957,0.431630967,-0.195452228,2,1.118728,"Off","Feb"
"207","March","South","Atherinopsis californiensis",2.998158727,0.176264569,1.111953868,1,0.978492055,7.67160202,0.474576661,-0.122047522,3,7.8460608,"Off","Mar"
"208","April","South","Atherinopsis californiensis",5.099166126,0.136150602,1.385612594,1,1.863368244,12.03385991,0.462425753,-0.19012455,4,1.8655776,"Off","Apr"
"209","May","South","Atherinopsis californiensis",13.7032631,0.091802924,2.397277468,1,6.512394852,25.79668903,0.520965892,-0.337360045,5,1.659417,"Off","May"
"210","June","South","Atherinopsis californiensis",18.26573328,0.046705212,2.985597686,1,11.02954256,29.72841866,0.437755943,-0.344345519,6,5.8814752,"Off","Jun"
"211","July","South","Atherinopsis californiensis",34.58092406,-0.032446605,5.858408858,1,24.7521803,47.87396933,0.515334816,-0.580228025,7,30.078082,"Key","Jul"
"212","August","South","Atherinopsis californiensis",20.09062227,0.076579777,3.241694002,1,12.49164907,31.40888554,0.484057122,-0.330897569,8,25.1771699,"Key","Aug"
"213","September","South","Atherinopsis californiensis",26.45956578,0.047903136,4.260644587,1,17.75446981,38.9477638,0.515051802,-0.419245531,9,14.6674958,"Key","Sep"
"214","October","South","Atherinopsis californiensis",26.00457765,0.011484848,4.179646347,1,15.22046165,41.6430272,0.578158287,-0.555188591,10,8.8746187,"Key","Oct"
"215","November","South","Atherinopsis californiensis",12.14818114,0.122484826,2.208939962,1,3.654528767,28.44881614,0.705084239,-0.460114587,11,1.9534592,"Off","Nov"
"216","December","South","Atherinopsis californiensis",NA,NA,NA,1,NA,NA,NA,NA,12,0.3539112,"Off","Dec"
"217","January","Suisun","Engraulis mordax",8.646588256,-0.065664234,1.721453991,1,2.733811653,20.29331344,0.305507745,-0.436836213,1,0.4869702,"Off","Jan"
"218","February","Suisun","Engraulis mordax",NA,NA,NA,1,NA,NA,NA,NA,2,0.339278,"Off","Feb"
"219","March","Suisun","Engraulis mordax",0.886113491,-0.040424682,0.749796638,1,0.022117599,6.73408132,0.306004297,-0.386853662,3,0.1589239,"Off","Mar"
"220","April","Suisun","Engraulis mordax",NA,NA,NA,1,NA,NA,NA,NA,4,1.6155239,"Off","Apr"
"221","May","Suisun","Engraulis mordax",29.63617363,0.102459336,4.865322222,1,21.87008768,39.91790009,0.53477791,-0.329859238,5,9.647022,"Off","May"
"222","June","Suisun","Engraulis mordax",22.52750155,0.07470716,3.606435174,1,16.35708777,31.47840986,0.40762123,-0.258206909,6,9.5899944,"Off","Jun"
"223","July","Suisun","Engraulis mordax",24.38337809,0.054505771,3.903923394,1,18.00318857,33.82643289,0.40087853,-0.291866987,7,14.6526409,"Key","Jul"
"224","August","Suisun","Engraulis mordax",29.12974023,0.099800885,4.764074968,1,22.31268521,38.27385459,0.482433845,-0.282832076,8,25.2760233,"Key","Aug"
"225","September","Suisun","Engraulis mordax",24.01422659,0.062518099,3.843334968,1,17.67260987,33.30383636,0.406192514,-0.281156317,9,10.797079,"Key","Sep"
"226","October","Suisun","Engraulis mordax",35.55785146,0.026217325,6.212648869,1,27.50832906,46.9281681,0.514741989,-0.46230734,10,13.6036443,"Key","Oct"
"227","November","Suisun","Engraulis mordax",25.97337553,-0.013651003,4.139905343,1,19.28039791,36.34172555,0.343036825,-0.370338832,11,11.1155704,"Key","Nov"
"228","December","Suisun","Engraulis mordax",11.32308095,-9.39e-18,2.113539607,1,2.764358713,29.72296918,0.58163116,-0.58163116,12,2.7173295,"Off","Dec"
"229","January","Sanpablo","Engraulis mordax",38.99472862,-0.173937001,6.518501325,1,32.027316,46.72668867,0.149073283,-0.496947285,1,0.6419044,"Off","Jan"
"230","February","Sanpablo","Engraulis mordax",26.51193447,0.068771068,4.270591129,1,21.29962309,34.00791026,0.361079587,-0.223537452,2,0.3948751,"Off","Feb"
"231","March","Sanpablo","Engraulis mordax",22.32296674,0.143990421,3.576817491,1,17.97014567,27.52621161,0.383261859,-0.095281018,3,0.8874961,"Off","Mar"
"232","April","Sanpablo","Engraulis mordax",38.6282829,0.090874712,7.068052271,1,33.80330515,45.20368784,0.420429756,-0.238680332,4,1.4804126,"Off","Apr"
"233","May","Sanpablo","Engraulis mordax",36.06764179,0.12759312,6.353483824,1,31.21471054,42.17587488,0.440045654,-0.184859414,5,6.8809561,"Off","May"
"234","June","Sanpablo","Engraulis mordax",31.23422253,0.093230589,5.197312794,1,26.5087875,37.62995233,0.375827567,-0.18936639,6,15.9557965,"Key","Jun"
"235","July","Sanpablo","Engraulis mordax",26.07171127,-0.030599026,4.114480878,1,21.18771399,33.53005894,0.220841694,-0.282039745,7,20.7012088,"Key","Jul"
"236","August","Sanpablo","Engraulis mordax",27.74089984,0.083318147,4.496038191,1,23.1517954,34.10246502,0.34615913,-0.179522836,8,19.6712653,"Key","Aug"
"237","September","Sanpablo","Engraulis mordax",39.03160904,0.052372818,7.186122395,1,34.25321783,46.05492107,0.384669031,-0.279923395,9,12.5161456,"Key","Sep"
"238","October","Sanpablo","Engraulis mordax",46.66548656,0.129108479,10.01874504,1,41.9065849,52.75401352,0.5214685,-0.263251542,10,12.1034229,"Off","Oct"
"239","November","Sanpablo","Engraulis mordax",41.46455474,0.088429547,7.972458409,1,36.66018487,48.05457665,0.438434522,-0.261575428,11,6.4874632,"Off","Nov"
"240","December","Sanpablo","Engraulis mordax",37.84190817,0.138607498,6.844151644,1,32.86498642,43.98584633,0.468900507,-0.191685511,12,2.2790534,"Off","Dec"
"241","January","Central","Engraulis mordax",43.90065023,-0.062465252,8.577598168,1,38.73860422,51.17376814,0.290822821,-0.415753325,1,0.6815401,"Off","Jan"
"242","February","Central","Engraulis mordax",40.41909057,-0.057918017,7.39066344,1,35.20211726,47.81760533,0.270017035,-0.38585307,2,1.039579,"Off","Feb"
"243","March","Central","Engraulis mordax",47.76320744,-0.047757196,10.27579075,1,42.91305915,54.84300631,0.338924624,-0.434439015,3,2.8791215,"Off","Mar"
"244","April","Central","Engraulis mordax",47.21022319,0.025661881,10.25462886,1,42.86703955,53.95474292,0.40414082,-0.352817058,4,3.9266146,"Off","Apr"
"245","May","Central","Engraulis mordax",45.33724327,-0.003959396,9.41221014,1,40.93670901,52.42776311,0.358640397,-0.366559189,5,9.9609386,"Off","May"
"246","June","Central","Engraulis mordax",43.91659895,0.117794158,8.868977667,1,39.36762647,49.84154455,0.469774594,-0.234186278,6,10.9110768,"Key","Jun"
"247","July","Central","Engraulis mordax",47.07568574,0.002352413,10.1920642,1,42.76052115,54.05429899,0.379675014,-0.374970188,7,18.2670431,"Key","Jul"
"248","August","Central","Engraulis mordax",48.37210231,-0.015813871,10.72945766,1,43.95422924,55.29551217,0.371328432,-0.402956174,8,16.0410572,"Key","Aug"
"249","September","Central","Engraulis mordax",51.91188562,-0.039329994,12.53101424,1,47.44162852,58.59546185,0.379053801,-0.45771379,9,15.632182,"Key","Sep"
"250","October","Central","Engraulis mordax",59.3155083,-0.022363066,18.40896481,1,55.41074189,65.37459129,0.484740223,-0.529466356,10,12.3195334,"Key","Oct"
"251","November","Central","Engraulis mordax",57.23535469,0.012734346,16.633041,1,53.340761,63.40345741,0.494757137,-0.469288445,11,4.1842264,"Off","Nov"
"252","December","Central","Engraulis mordax",41.08290018,0.048309539,7.839859419,1,36.4761327,47.93122636,0.386063356,-0.289444277,12,4.1570874,"Off","Dec"
"253","January","South","Engraulis mordax",32.30820413,0.02674753,5.430166964,1,27.21411988,40.16847532,0.337509458,-0.284014398,1,1.378528,"Off","Jan"
"254","February","South","Engraulis mordax",29.6001566,-0.053557353,4.703928127,1,23.90447477,37.74342411,0.235678119,-0.342792825,2,0.9462777,"Off","Feb"
"255","March","South","Engraulis mordax",41.95953774,0.007830335,8.138672919,1,36.85523061,49.94883894,0.388280707,-0.372620037,3,4.089817,"Off","Mar"
"256","April","South","Engraulis mordax",40.51983605,-0.009589492,7.61427165,1,35.41693849,48.49774882,0.350965087,-0.370144071,4,6.0131492,"Off","Apr"
"257","May","South","Engraulis mordax",39.80760462,-0.028363046,7.314169891,1,34.48311392,47.80149991,0.325014828,-0.38174092,5,14.360469,"Key","May"
"258","June","South","Engraulis mordax",42.05137067,0.089696793,8.176094326,1,36.95107881,48.99793643,0.463316503,-0.283922916,6,15.3508052,"Key","Jun"
"259","July","South","Engraulis mordax",43.71018072,-0.026299326,8.664342904,1,38.49180106,51.55643736,0.358314284,-0.410912936,7,18.5461589,"Key","Jul"
"260","August","South","Engraulis mordax",41.5731264,0.063311451,8.007225268,1,36.5030664,48.81476075,0.433052659,-0.306429756,8,15.6228531,"Key","Aug"
"261","September","South","Engraulis mordax",42.44171087,0.073786006,8.313111929,1,37.36891058,49.55144686,0.450523328,-0.302951316,9,12.0563822,"Key","Sep"
"262","October","South","Engraulis mordax",43.3056728,0.09016142,8.631994673,1,38.22367719,50.22392175,0.474056383,-0.293733543,10,7.6898332,"Off","Oct"
"263","November","South","Engraulis mordax",41.36787847,0.127211453,7.944794162,1,36.20900649,47.9179227,0.495508432,-0.241085526,11,3.0069585,"Off","Nov"
"264","December","South","Engraulis mordax",33.77847744,0.019520755,5.770492541,1,28.66106642,41.75446798,0.339872915,-0.300831406,12,0.9387682,"Off","Dec"
